,behavior_type,control_type,episode,severe_low,mild_low,high,total,average_speed,max_acc,min_acc,average_acc,average_distance
0,0,lstm_with_monitor,0,1,0,0,1,4.457870701217564,12.873191833496094,-9.230093955993652,1.4565624712105625,20.12786241179531
1,0,lstm_with_monitor,1,1,0,0,1,4.467713392962198,12.873191833496094,-7.379961013793945,1.424756488429953,20.20534517548301
2,0,lstm_with_monitor,2,0,0,0,0,4.383719483675755,12.873191833496094,-9.935555458068848,1.4917938082876174,19.867757407240212
3,0,lstm_with_monitor,3,0,0,0,0,4.432873307102045,12.873191833496094,-10.608129501342772,1.4971661169032815,20.063593199945267
4,0,lstm_with_monitor,4,0,0,0,0,4.450854093975322,12.873191833496094,-10.249667167663574,1.469049266484777,19.93996105687904
5,0,lstm_with_monitor,5,0,0,0,0,4.447348737582508,12.873191833496094,-8.62213134765625,1.5000962340376964,20.068246869207584
6,0,lstm_with_monitor,6,1,0,0,1,4.508557596148909,12.873191833496094,-8.160467147827148,1.3932241381548216,19.90463195237957
7,0,lstm_with_monitor,7,0,0,0,0,4.443617703867431,12.873191833496094,-9.553771018981934,1.497252900588486,20.347358798980714
8,0,lstm_with_monitor,8,0,0,1,1,4.567322750439797,12.873191833496094,-10.608782768249512,1.508251291706301,19.946707232898433
9,0,lstm_with_monitor,9,0,0,0,0,4.51128840522775,12.873225212097168,-10.29088020324707,1.4214112367886078,20.041165764605413
10,0,lstm_with_monitor,10,0,0,0,0,4.464749701060733,12.875804901123049,-10.210795402526855,1.4874683961810096,20.09952512035122
11,0,lstm_with_monitor,11,1,0,0,1,4.586063559632392,12.873191833496094,-8.820199966430664,1.5712982607687944,19.795149297714232
12,0,lstm_with_monitor,12,1,0,0,1,4.451169598831458,12.873191833496094,-8.307027816772461,1.475262081606862,20.13252515082992
13,0,lstm_with_monitor,13,1,0,1,2,4.6131443234094895,12.873191833496094,-6.548027992248535,1.5083422748213484,20.047824799219768
14,0,lstm_with_monitor,14,0,0,0,0,4.437015121291617,12.873144149780272,-10.653514862060549,1.4338670992007012,20.142974173638127
15,0,lstm_with_monitor,15,0,0,0,0,4.4303420435333365,12.873191833496094,-10.608782768249512,1.5249603456894993,19.89397541784471
16,0,lstm_with_monitor,16,1,0,0,1,4.461849792261394,12.873191833496094,-7.38642692565918,1.4333840377108307,20.202916324912728
17,0,lstm_with_monitor,17,0,0,0,0,4.415987468015814,12.873191833496094,-8.837027549743652,1.4722914391722823,20.118910099532442
18,0,lstm_with_monitor,18,1,0,0,1,4.49709483297519,12.873191833496094,-9.952058792114258,1.3883452958221385,19.964183131074595
19,0,lstm_with_monitor,19,0,1,1,1,4.567650195266327,12.875804901123049,-8.594655990600586,1.5038373882011362,19.9686416821764
20,0,lstm_with_monitor,20,0,0,0,0,4.460612315719626,12.877545356750488,-8.159322738647461,1.4903940201689485,20.247272059369628
21,0,lstm_with_monitor,21,0,0,0,0,4.458647171379773,12.873172760009766,-7.098960876464844,1.3523648592071507,19.91266259280118
22,0,lstm_with_monitor,22,0,1,0,0,4.4414368006307186,12.873191833496094,-10.608782768249512,1.4401612945797495,20.19035457795666
23,0,lstm_with_monitor,23,0,0,0,0,4.426574111110232,12.873191833496094,-9.550809860229492,1.5042454643280772,20.085514712563665
24,0,lstm_with_monitor,24,0,0,0,0,4.390699547334283,12.873191833496094,-8.85838508605957,1.5348805035165751,20.229748217061687
25,0,lstm_with_monitor,25,0,0,1,1,4.5904483694320595,13.26200008392334,-10.608782768249512,1.5405558141486735,19.975559367249343
26,0,lstm_with_monitor,26,1,0,0,1,4.656422002976902,12.873172760009766,-8.47973346710205,1.6822836605807285,19.916632117451847
27,0,lstm_with_monitor,27,1,0,0,1,4.411032910907698,12.873191833496094,-6.863818168640137,1.318313317017181,20.22535568151992
28,0,lstm_with_monitor,28,0,1,0,0,4.624365650571799,12.873191833496094,-9.107060432434082,1.6411009119686029,20.19310083038432
29,0,lstm_with_monitor,29,0,0,0,0,4.516991491782209,12.873191833496094,-10.249667167663574,1.425294175714823,19.505809494093352
30,0,lstm_with_monitor,0,1,0,0,1,4.4853040463157186,12.873191833496094,-8.516068458557129,1.4924061347880662,19.89980345362561
31,0,lstm_with_monitor,1,0,0,0,0,4.478881018053914,12.873172760009766,-7.07176685333252,1.5030900814458827,19.98082717932785
32,0,lstm_with_monitor,2,0,0,0,0,4.508994608414849,12.873191833496094,-8.092756271362305,1.436095375179289,19.93408921351198
33,0,lstm_with_monitor,3,0,0,1,1,4.570002401554635,12.873191833496094,-8.897528648376465,1.5292469313250432,19.875104362815126
34,0,lstm_with_monitor,4,1,0,0,1,4.543298158971976,12.873191833496094,-8.027405738830566,1.3038480049013133,19.498387321045524
35,0,lstm_with_monitor,5,0,0,0,0,4.269555275621157,12.873191833496094,-9.392118453979492,1.4037621185409843,19.84990497838671
36,0,lstm_with_monitor,6,0,0,0,0,4.426286439242759,12.873191833496094,-10.249667167663574,1.4890806899830302,19.75625387314827
37,0,lstm_with_monitor,7,0,0,0,0,4.451980220057134,12.873191833496094,-10.608782768249512,1.4208859603742041,20.183532295103596
38,0,lstm_with_monitor,8,0,0,0,0,4.45185308778642,12.873191833496094,-10.608782768249512,1.3957151416251596,20.041037608890473
39,0,lstm_with_monitor,9,0,0,0,0,4.460942729708525,12.873172760009766,-7.563772201538086,1.3698172983812402,19.928960583426736
40,0,lstm_with_monitor,10,0,0,0,0,2.304396367132641,12.873191833496094,-9.233665466308594,0.7612067787220583,19.921360818545022
41,0,lstm_with_monitor,11,1,0,0,1,4.448717050356475,12.873191833496094,-9.564833641052246,1.440666219301941,20.201851628744873
42,0,lstm_with_monitor,12,1,0,0,1,4.558304348044311,12.873191833496094,-9.764618873596191,1.7435311565956468,19.560639948543916
43,0,lstm_with_monitor,13,1,0,0,1,4.644935728811826,12.873191833496094,-10.608782768249512,1.7481964311524445,19.64652978085183
44,0,lstm_with_monitor,14,0,0,0,0,4.524594947432779,12.873191833496094,-10.606117248535156,1.35378136670755,19.878357546446754
45,0,lstm_with_monitor,15,0,0,0,0,4.482264369416403,12.873191833496094,-10.608782768249512,1.3988847756258702,19.95449469687496
46,0,lstm_with_monitor,16,1,0,0,1,4.51909198251014,12.873191833496094,-7.994279861450195,1.3706483505294174,19.570023017633158
47,0,lstm_with_monitor,17,0,1,1,1,4.599978201196134,12.873191833496094,-8.199129104614258,1.5626572588151786,19.874771526881627
48,0,lstm_with_monitor,18,0,0,0,0,4.502236475479847,12.873191833496094,-9.460420608520508,1.4631579086931303,20.092904499153686
49,0,lstm_with_monitor,19,0,0,0,0,4.269484210730055,12.873425483703612,-10.232949256896973,1.3908084896896242,19.8048847560942
50,0,lstm_with_monitor,20,0,0,0,0,4.384725481603595,12.873239517211914,-9.101977348327637,1.4877680862218947,20.503457859063605
51,0,lstm_with_monitor,21,1,0,0,1,4.476981938546267,12.873191833496094,-8.571038246154785,1.3967156356253962,19.984978663416562
52,0,lstm_with_monitor,22,0,0,0,0,4.410624385291655,12.873191833496094,-8.737955093383789,1.448403228269914,20.07555626294552
53,0,lstm_with_monitor,23,1,0,0,1,4.418290762673612,12.873225212097168,-8.493413925170898,1.421731653472577,19.969069496228382
54,0,lstm_with_monitor,24,0,0,0,0,4.438038600746558,12.873144149780272,-7.253031730651855,1.383113032825421,20.084112496529855
55,0,lstm_with_monitor,25,0,0,0,0,4.439107206922371,12.873187065124512,-9.007730484008787,1.4658585162212352,20.058656563297394
56,0,lstm_with_monitor,26,1,0,0,1,4.252945147529145,12.873191833496094,-9.411096572875977,1.6848027907518794,19.82630580737267
57,0,lstm_with_monitor,27,1,1,0,1,4.4670112347650175,12.873191833496094,-7.097806930541992,1.4045757236934644,20.252509903598142
58,0,lstm_with_monitor,28,0,0,0,0,4.449379791845869,12.87290096282959,-8.865890502929688,1.4450219610328612,20.06069656483178
59,0,lstm_with_monitor,29,2,0,0,2,4.232882333701291,12.873191833496094,-9.114494323730469,1.726371254760348,19.828366355895994
60,0,lstm_with_monitor,0,1,0,0,1,4.4467806763763305,12.873191833496094,-8.516068458557129,1.4649330228687651,20.313562793116414
61,0,lstm_with_monitor,1,0,0,0,0,4.513502916821585,12.873144149780272,-9.524469375610352,1.422138922858838,19.516123899866322
62,0,lstm_with_monitor,2,0,0,0,0,4.459702594458566,12.873191833496094,-8.109688758850098,1.504202372141301,20.09529610976432
63,0,lstm_with_monitor,3,1,1,0,1,4.445287908138663,12.873191833496094,-9.913115501403809,1.485885381799707,20.16659353317753
64,0,lstm_with_monitor,4,0,0,0,0,4.379579332195619,12.873425483703612,-7.194089889526367,1.463492394078617,19.708884592635183
65,0,lstm_with_monitor,5,0,0,0,0,4.417332615193918,12.873191833496094,-10.608782768249512,1.4082703346836385,20.05234574811635
66,0,lstm_with_monitor,6,1,0,0,1,4.443001006202107,12.873191833496094,-10.606989860534668,1.4820993788435364,19.803054115147265
67,0,lstm_with_monitor,7,0,0,0,0,4.459134598232024,12.873191833496094,-8.022017478942871,1.4941676546010338,20.03670443497695
68,0,lstm_with_monitor,8,2,0,0,2,4.496496649434226,13.46320629119873,-9.974479675292969,1.7224482392096019,19.38978777400783
69,0,lstm_with_monitor,9,0,0,0,0,4.438031376297091,12.873191833496094,-10.657844543457031,1.462433208969347,20.119142596952376
70,0,lstm_with_monitor,10,0,0,0,0,4.511210176769721,12.873191833496094,-9.513015747070312,1.471213071153295,19.72587362820985
71,0,lstm_with_monitor,11,0,0,1,1,4.576442971609376,12.875804901123049,-8.091821670532227,1.5050096286187746,19.932688049922717
72,0,lstm_with_monitor,12,1,0,0,1,4.5556188821604655,12.873191833496094,-7.320847511291504,1.3181545717768879,19.29375394185384
73,0,lstm_with_monitor,13,2,0,0,2,2.2811367851152475,12.873172760009766,-9.24034595489502,0.9000318304607972,19.806114303270977
74,0,lstm_with_monitor,14,1,0,0,1,4.4069079125165285,12.873191833496094,-7.557134628295898,1.3627437273620226,19.9296825665694
75,0,lstm_with_monitor,15,0,0,0,0,4.472566562853041,12.873191833496094,-8.897528648376465,1.5077576440328941,19.775786424692757
76,0,lstm_with_monitor,16,0,1,0,0,4.450510723932683,12.873191833496094,-9.496898651123049,1.4826115455517574,20.145170538942406
77,0,lstm_with_monitor,17,0,0,0,0,4.415428057438395,12.873191833496094,-7.8342437744140625,1.4794012392110805,19.969499713738248
78,0,lstm_with_monitor,18,0,1,0,0,4.52259185800874,12.873191833496094,-8.189249038696289,1.471303651560461,20.055390858259358
79,0,lstm_with_monitor,19,1,0,0,1,4.487450578225293,12.873191833496094,-6.841602325439453,1.3442693699988912,19.879081928652095
80,0,lstm_with_monitor,20,0,0,1,1,4.5609270959609525,12.873191833496094,-7.406210899353027,1.3558813839237407,20.11853291099221
81,0,lstm_with_monitor,21,0,0,0,0,2.2957753338026587,12.873191833496094,-7.336091995239258,0.7802231858086124,20.258576157887777
82,0,lstm_with_monitor,22,0,0,0,0,4.326335240031728,12.873172760009766,-9.928951263427734,1.4536570962492217,19.98123781763793
83,0,lstm_with_monitor,23,0,1,0,0,4.402259437492348,12.873191833496094,-9.454922676086426,1.541342976991257,20.16572971527393
84,0,lstm_with_monitor,24,1,0,0,1,4.512661376332544,12.87290096282959,-9.42580223083496,1.4447470346396951,19.714382878287893
85,0,lstm_with_monitor,25,2,1,0,2,4.599067439910377,12.873191833496094,-11.628947257995604,1.7937269326284584,19.872095599222344
86,0,lstm_with_monitor,26,1,0,0,1,4.439602659534198,12.873191833496094,-9.128618240356444,1.4839222457161667,20.20239593751969
87,0,lstm_with_monitor,27,0,0,0,0,4.440592375859994,12.873191833496094,-10.608782768249512,1.4175176022224474,20.11837375087123
88,0,lstm_with_monitor,28,2,0,0,2,4.67772093059743,12.873191833496094,-9.89990234375,1.6907823628698786,19.823004279702396
89,0,lstm_with_monitor,29,0,0,0,0,4.368938428563005,12.873191833496094,-7.801480293273926,1.458243919260753,20.026899893572377
90,0,lstm_with_monitor,0,0,0,0,0,4.399896211658498,12.873191833496094,-9.108924865722656,1.4186508249242242,20.180197919900426
91,0,lstm_with_monitor,1,1,0,0,1,4.627490904978321,12.87290096282959,-10.110259056091309,1.7272505129865385,19.95045428805881
92,0,lstm_with_monitor,2,0,0,0,0,4.311179050654071,12.87322998046875,-7.417426109313965,1.4124187733339755,19.823799274252647
93,0,lstm_with_monitor,3,1,0,0,1,4.338779011652526,12.873191833496094,-10.017633438110352,1.4016804822521063,19.98930322973034
94,0,lstm_with_monitor,4,0,0,0,0,4.475408308225784,12.87290096282959,-8.31441879272461,1.4914936848342657,20.142099984280474
95,0,lstm_with_monitor,5,0,0,0,0,4.460716619778852,12.875804901123049,-8.247160911560059,1.4814357126600217,20.12225478036063
96,0,lstm_with_monitor,6,1,0,0,1,4.446702903130258,12.873191833496094,-9.884023666381836,1.4384744577541886,20.145495239380868
97,0,lstm_with_monitor,7,1,0,0,1,4.427571304688647,12.873191833496094,-10.717220306396484,1.4337472451903335,20.11093767662907
98,0,lstm_with_monitor,8,0,0,0,0,4.4748664335541415,12.873191833496094,-8.73868465423584,1.5085722353705564,19.953747659242115
99,0,lstm_with_monitor,9,0,0,0,0,4.4958632756378725,12.873172760009766,-10.628366470336914,1.4432803138021886,20.039318411957982
100,0,lstm_with_monitor,10,1,0,0,1,4.440234297531642,12.873191833496094,-9.663896560668944,1.401781449881168,20.3865889487728
101,0,lstm_with_monitor,11,0,0,0,0,4.459732037261023,12.873191833496094,-8.760175704956055,1.4554946913276094,19.96658119907627
102,0,lstm_with_monitor,12,0,1,0,0,4.478457203595657,12.873191833496094,-10.608782768249512,1.4942481970922674,20.220917686189036
103,0,lstm_with_monitor,13,0,0,1,1,4.624382361253988,12.873239517211914,-7.15489387512207,1.5971141467299612,20.04897638320923
104,0,lstm_with_monitor,14,1,1,1,2,4.536533362590586,12.873191833496094,-9.435920715332031,1.5273736019840738,20.11635956373371
105,0,lstm_with_monitor,15,0,0,0,0,4.535993119879078,12.873191833496094,-8.189249038696289,1.4219953275603132,19.43430953276785
106,0,lstm_with_monitor,16,1,0,0,1,2.2990940032424176,12.873191833496094,-7.536125183105469,0.7347688600261147,20.146304275194804
107,0,lstm_with_monitor,17,0,0,0,0,4.468602820341552,12.873191833496094,-10.160884857177734,1.4807116639886122,20.000390158071145
108,0,lstm_with_monitor,18,1,0,0,1,4.452391082987229,12.873191833496094,-10.155048370361328,1.5026560503016253,20.26054125542008
109,0,lstm_with_monitor,19,0,0,1,1,4.58085705278813,13.34768295288086,-9.893345832824709,1.534357950263532,20.12628906136317
110,0,lstm_with_monitor,20,0,1,0,0,4.5209327345802075,12.873191833496094,-7.18956470489502,1.3494902941333826,20.104341682058866
111,0,lstm_with_monitor,21,0,0,1,1,4.5939237188074,12.873191833496094,-9.576845169067385,1.5188834683275367,19.882323445671815
112,0,lstm_with_monitor,22,1,0,0,1,4.500938055933,12.873191833496094,-7.459092140197754,1.4199124375513155,19.919226730571072
113,0,lstm_with_monitor,23,0,0,0,0,4.456351582392513,12.87315845489502,-9.110078811645508,1.4656341210928436,20.163066077000888
114,0,lstm_with_monitor,24,1,0,0,1,4.488535049277031,12.873191833496094,-8.029546737670898,1.4137880396971922,19.939694376644173
115,0,lstm_with_monitor,25,0,0,0,0,4.471376528062015,12.873191833496094,-9.634504318237305,1.5185519923911515,19.81692260271543
116,0,lstm_with_monitor,26,0,1,0,0,4.356709570715249,12.873191833496094,-11.186285018920898,1.4762696540803377,19.883841378348215
117,0,lstm_with_monitor,27,0,0,0,0,4.529560802975857,12.875804901123049,-8.003697395324707,1.3894476556207185,19.24911684111545
118,0,lstm_with_monitor,28,0,1,0,0,4.4123266107005295,12.873191833496094,-10.608782768249512,1.475612272616356,20.272311164782597
119,0,lstm_with_monitor,29,1,0,0,1,4.413273656464937,12.873191833496094,-8.190984725952148,1.4194720352011887,19.789997766255567
120,0,no_lstm,0,5,0,0,5,4.61362459346691,12.873172760009766,-10.45259952545166,3.880273838618498,14.53422704747688
121,0,no_lstm,1,5,0,1,6,2.287509606118369,15.061955451965332,-10.557374954223633,1.8626764689863349,17.56666699409485
122,0,no_lstm,2,3,1,2,5,4.58410899140526,13.625731468200684,-11.534485816955566,3.6421370477479127,14.163249718348185
123,0,no_lstm,3,4,0,1,5,4.658317492248734,14.912176132202148,-9.5550537109375,3.806627831701224,14.112080735129279
124,0,no_lstm,4,4,1,0,4,4.55521181984985,12.873191833496094,-11.36788845062256,3.6867316366356344,14.307183710944573
125,0,no_lstm,5,4,0,2,6,4.532777521064269,14.835882186889648,-10.52187442779541,3.7769556099717536,14.402339881796255
126,0,no_lstm,6,3,2,1,4,4.266660006298725,12.873191833496094,-11.31427764892578,3.356969394311309,14.827593292402701
127,0,no_lstm,7,3,3,1,4,4.539326181880802,13.368182182312012,-10.366230010986328,3.6148459526811845,14.740341070068158
128,0,no_lstm,8,3,2,2,5,4.535194574194076,13.459444046020508,-9.471287727355955,3.552603179678029,14.751581132215241
129,0,no_lstm,9,5,0,1,6,4.559074464796485,14.845776557922363,-10.434880256652832,3.799104054965673,14.291841418537873
130,0,no_lstm,10,2,2,2,4,4.454812342355092,13.401074409484863,-11.222825050354004,3.5140160615654983,14.733657003997209
131,0,no_lstm,11,4,0,1,5,4.637295243104924,13.625731468200684,-11.534485816955566,3.7566215328963812,14.081886870749045
132,0,no_lstm,12,4,0,1,5,4.572134626955179,13.59877586364746,-10.89879035949707,3.730149894616222,14.041366973725877
133,0,no_lstm,13,2,2,1,3,4.571349474189578,12.873191833496094,-9.487323760986328,3.556310475370897,14.631331960228195
134,0,no_lstm,14,3,2,1,4,4.567571847201077,12.873191833496094,-11.312417984008787,3.615378938127857,14.576571575430936
135,0,no_lstm,15,5,0,1,6,2.2861437442087884,13.117527961730955,-9.921102523803713,1.8097348809907579,17.555071342786153
136,0,no_lstm,16,4,1,0,4,4.571718899198635,13.51158618927002,-10.851340293884276,3.767867179429534,14.660686838270422
137,0,no_lstm,17,3,1,2,5,4.583370005866778,13.625731468200684,-11.534485816955566,3.6340881254167616,14.168231337865194
138,0,no_lstm,18,3,1,2,5,2.280305187681434,12.873191833496094,-10.39287567138672,1.8014015224451232,17.65749286174774
139,0,no_lstm,19,4,0,1,5,4.644230343507688,14.47286605834961,-11.265912055969238,3.595375977890682,14.352768975074845
140,0,no_lstm,20,3,2,2,5,4.553454183238291,12.877507209777832,-10.096349716186523,3.6364690605242753,14.734562829630264
141,0,no_lstm,21,2,2,1,3,4.55843859899211,14.622635841369627,-10.382919311523438,3.6407921879054164,14.611294233246355
142,0,no_lstm,22,3,0,1,4,4.594673673243216,12.873191833496094,-10.131797790527344,3.6698371050297838,14.405509378115337
143,0,no_lstm,23,2,2,1,3,2.2792662721307875,12.873191833496094,-9.912796020507812,1.7979096716786414,17.59611622810364
144,0,no_lstm,24,2,1,2,4,4.522115312816567,12.873191833496094,-9.471001625061035,3.5757786242829424,14.652366355845803
145,0,no_lstm,25,4,0,3,7,4.576820156018556,12.873191833496094,-10.119190216064451,3.6611907546137554,14.47038803353215
146,0,no_lstm,26,4,1,0,4,4.531028319783033,13.885869979858398,-10.111660957336426,3.563233218961727,14.776955041161465
147,0,no_lstm,27,4,1,1,5,4.550716541145901,13.510475158691406,-10.48126220703125,3.6942655501020836,14.461141368411235
148,0,no_lstm,28,4,0,2,6,4.628098417664941,12.873144149780272,-8.307623863220215,3.7357414866125764,14.694493820037332
149,0,no_lstm,29,3,1,2,5,4.555028629797274,12.873425483703612,-10.937390327453612,3.5373393359397975,14.723566753185349
150,0,no_lstm,0,3,1,2,5,4.583370005866778,13.625731468200684,-11.534485816955566,3.6340881254167616,14.165020364125569
151,0,no_lstm,1,4,0,1,5,4.490415970027536,12.873191833496094,-9.522876739501951,3.703204649774557,14.303232514001186
152,0,no_lstm,2,3,1,2,5,4.590426609894525,13.60438346862793,-10.91355323791504,3.6192884202936906,14.09116289615631
153,0,no_lstm,3,4,0,1,5,4.564500797873757,13.633389472961426,-10.875682830810549,3.7651148575181774,14.15647646755079
154,0,no_lstm,4,4,0,1,5,4.636561618286183,13.575091361999512,-10.874309539794922,3.755162693523346,13.936341084089856
155,0,no_lstm,5,4,1,1,5,4.583359053711982,13.625731468200684,-11.534485816955566,3.634017399097626,14.164575411478678
156,0,no_lstm,6,5,0,0,5,4.82280539470638,13.384060859680176,-19.463802337646484,4.4427682272041205,14.16894102001947
157,0,no_lstm,7,4,1,2,6,4.592547223747662,12.989339828491213,-10.65481662750244,3.628800958276639,14.389445947011312
158,0,no_lstm,8,3,1,2,5,4.583370005866778,13.625731468200684,-11.534485816955566,3.6340881254167616,14.165020364125569
159,0,no_lstm,9,4,0,1,5,4.490016405884242,12.873191833496094,-10.159730911254885,3.7015634934531096,14.281064376332402
160,0,no_lstm,10,4,0,1,5,4.588857265766354,13.918123245239258,-10.134787559509276,3.6969797403543105,14.354812711079916
161,0,no_lstm,11,4,0,1,5,4.454843941404343,13.118720054626465,-10.873608589172363,3.5912606247660595,14.125807135136096
162,0,no_lstm,12,4,0,3,7,4.586406186154605,13.658108711242676,-10.171141624450684,3.6706073468354155,14.476429448175272
163,0,no_lstm,13,4,1,0,4,4.562047284151634,14.57265853881836,-10.450687408447266,3.7033880738364924,14.712902192248414
164,0,no_lstm,14,4,0,1,5,4.576743058543296,13.625707626342772,-11.534485816955566,3.7340831348402337,14.146453817685446
165,0,no_lstm,15,4,1,2,6,4.48991925530466,12.873191833496094,-11.403942108154297,3.639271928657292,14.295245357588225
166,0,no_lstm,16,2,1,2,4,4.550980431866163,12.873191833496094,-11.651506423950195,3.598680860903631,14.635441388515448
167,0,no_lstm,17,4,0,2,6,4.543254136005309,13.01466941833496,-10.180768966674805,3.757100521878727,14.322893370889595
168,0,no_lstm,18,5,0,1,6,4.491182727343205,13.628172874450684,-10.473523139953612,3.7006667434034832,14.394254578484428
169,0,no_lstm,19,4,1,1,5,4.584319773694765,13.625731468200684,-11.534485816955566,3.6332571669192686,14.171950926780701
170,0,no_lstm,20,4,0,0,4,4.74700896775912,13.568787574768066,-19.01136016845703,4.310828668002818,13.659375796640726
171,0,no_lstm,21,3,0,1,4,4.700742615443964,12.873425483703612,-60.37345504760742,4.261468709300506,14.187236892670738
172,0,no_lstm,22,1,2,1,2,4.5606733342283725,12.873191833496094,-8.489060401916504,3.468340595074828,14.609963792838798
173,0,no_lstm,23,4,0,1,5,4.6425266619205585,15.049920082092283,-11.525044441223145,3.767681817067671,14.050459357716093
174,0,no_lstm,24,4,0,2,6,4.550164919463017,13.398213386535645,-11.224193572998049,3.774443119523422,14.506712302909825
175,0,no_lstm,25,3,0,0,3,2.2912254498320945,12.873191833496094,-10.12836456298828,1.7805604334290857,17.665355292956033
176,0,no_lstm,26,3,2,2,5,4.4508923477030145,12.873191833496094,-11.216058731079102,3.489755763852835,14.678413418980387
177,0,no_lstm,27,3,1,2,5,4.583411228277675,13.59508991241455,-11.48479461669922,3.625949434388627,14.133781960805257
178,0,no_lstm,28,4,0,2,6,4.546585435428528,13.086352348327637,-9.153833389282228,3.7599164088455304,14.291149010359257
179,0,no_lstm,29,4,1,1,5,4.529559700780099,13.441181182861328,-11.144981384277344,3.787228720245316,14.33254780581123
180,0,no_lstm,0,3,1,2,5,4.583370005866778,13.625731468200684,-11.534485816955566,3.6340881254167616,14.165020364125569
181,0,no_lstm,1,4,0,3,7,4.588506342145101,12.873191833496094,-10.156865119934082,3.680491007183367,14.470038078156024
182,0,no_lstm,2,4,1,1,5,4.5839805938610345,13.625731468200684,-11.534485816955566,3.635568329697381,14.161987568537395
183,0,no_lstm,3,5,0,2,7,4.586463120588492,12.873172760009766,-10.053868293762209,3.711255083877225,14.57660910774307
184,0,no_lstm,4,3,2,2,5,4.45089906902175,12.873191833496094,-11.212444305419922,3.4912407005752604,14.680844799264685
185,0,no_lstm,5,5,0,3,8,4.472562608172229,13.399462699890137,-9.430441856384276,3.505081430688773,14.705815812275542
186,0,no_lstm,6,3,1,2,5,4.530180926640279,12.87322998046875,-11.166510581970217,3.600088234358075,14.610470368917232
187,0,no_lstm,7,3,1,2,5,4.583370005866778,13.625731468200684,-11.534485816955566,3.6340881254167616,14.165020364125569
188,0,no_lstm,8,3,1,2,5,4.585017856737863,13.626432418823242,-11.534485816955566,3.6360732933579993,14.127291870117187
189,0,no_lstm,9,4,0,2,6,4.531509759777147,13.78382682800293,-9.838714599609377,3.776447646790757,14.362557814066166
190,0,no_lstm,10,5,0,0,5,4.531556972926099,15.064754486083984,-10.53591251373291,3.6420415735530183,14.30476410554187
191,0,no_lstm,11,5,0,0,5,4.56237644034455,13.454012870788574,-11.534485816955566,3.7355750969828723,14.132800257483193
192,0,no_lstm,12,3,2,1,4,4.254779755311067,12.873191833496094,-11.211376190185549,3.3609166263084416,14.876708392030704
193,0,no_lstm,13,4,1,1,5,4.557534746954863,13.406214714050291,-9.471287727355955,3.6483172160181194,14.699814152243912
194,0,no_lstm,14,5,0,0,5,4.5635284078288425,13.556833267211914,-11.534485816955566,3.72991253703505,14.121070294681182
195,0,no_lstm,15,2,2,1,3,4.558441595161683,14.619150161743164,-10.381178855895996,3.639738011203997,14.639838741315122
196,0,no_lstm,16,4,0,1,5,4.624174408832314,15.05000114440918,-10.228643417358398,3.7454537472213043,14.044734111199013
197,0,no_lstm,17,5,0,0,5,2.292093800755893,15.069875717163086,-11.367082595825195,1.9020581724837802,17.447002224127452
198,0,no_lstm,18,3,1,2,5,4.583099209448587,13.621392250061035,-11.540145874023438,3.63503124986876,14.123650778134664
199,0,no_lstm,19,4,1,1,5,4.582680502713612,13.602409362792969,-10.900464057922363,3.630821501874903,14.13571428934733
200,0,no_lstm,20,4,1,0,4,4.563215545452284,14.573988914489746,-10.439538955688477,3.703436547264766,14.613580501632185
201,0,no_lstm,21,5,0,1,6,4.458821173980727,15.072274208068848,-11.388401985168455,3.74541381602435,14.452823768962514
202,0,no_lstm,22,1,0,0,1,5.560393283036048,12.873191833496094,-21.38471221923828,4.72399107882896,16.017044067382812
203,0,no_lstm,23,3,1,2,5,4.583370005866778,13.625731468200684,-11.534485816955566,3.6340881254167616,14.165020364125569
204,0,no_lstm,24,4,0,1,5,4.560836163376941,12.873191833496094,-10.888028144836426,3.751393837966425,14.172722217648529
205,0,no_lstm,25,4,1,1,5,4.575340565634023,13.592143058776855,-11.546244621276855,3.6259792029869593,14.171841727538759
206,0,no_lstm,26,2,2,4,6,4.587486910837598,12.873191833496094,-10.370879173278809,3.4375462076098535,14.406318745343787
207,0,no_lstm,27,4,1,1,5,4.5225822864285234,15.069055557250977,-10.431828498840332,3.606713916686434,14.565305584355405
208,0,no_lstm,28,4,1,1,5,4.582813174308232,13.626341819763184,-11.534485816955566,3.631486992876779,14.116492546399435
209,0,no_lstm,29,2,1,3,5,4.537560040536583,12.873191833496094,-10.462827682495115,3.6177872025045423,14.717435298579755
210,0,no_lstm,0,2,1,1,3,4.409152080373453,12.873191833496094,-10.456089973449709,3.455776144375693,14.866680430446024
211,0,no_lstm,1,4,1,1,5,4.592709103480867,12.873191833496094,-10.671792030334473,3.6284831953826484,14.030064115524292
212,0,no_lstm,2,5,0,0,5,4.616614152076952,13.568172454833984,-10.42222023010254,3.7897107191152712,14.054902542357476
213,0,no_lstm,3,3,1,2,5,4.582703010818254,13.625779151916504,-11.534485816955566,3.6250031907477562,14.177168849309286
214,0,no_lstm,4,5,0,1,6,4.469470395600069,14.614009857177734,-10.012321472167969,3.641098560659594,14.44527194554332
215,0,no_lstm,5,3,0,2,5,4.568071044987274,12.873191833496094,-9.91868495941162,3.6719799167468525,14.425534563096049
216,0,no_lstm,6,2,1,3,5,4.558152143510062,12.873191833496094,-10.459270477294922,3.4892566013489668,14.67596361968691
217,0,no_lstm,7,4,0,0,4,4.557492502064195,14.47129726409912,-10.872306823730469,3.649694008709276,14.582155805549874
218,0,no_lstm,8,3,1,2,5,4.576105957986599,13.48085880279541,-11.539263725280762,3.6294948553915862,14.146193361757602
219,0,no_lstm,9,4,1,1,5,4.583995268325896,13.625731468200684,-11.534485816955566,3.6507376016745927,14.164278802871705
220,0,no_lstm,10,3,1,2,5,4.601842939037235,13.557958602905272,-10.674033164978027,3.6633490889399267,14.118463605542646
221,0,no_lstm,11,2,1,1,3,4.521193172077689,13.401074409484863,-11.2115478515625,3.6730208703049296,14.673883413013659
222,0,no_lstm,12,4,1,1,5,4.582775588016601,13.621301651000977,-10.900464057922363,3.630927380382454,14.1599427429835
223,0,no_lstm,13,4,1,1,5,4.575286991157496,13.57480525970459,-10.915203094482422,3.6274626515177633,14.146994744424408
224,0,no_lstm,14,4,0,0,4,4.761191516530841,13.981704711914062,-16.998197555541992,4.293451126777923,13.986151223812463
225,0,no_lstm,15,3,0,1,4,4.547460126533457,12.873187065124512,-10.003695487976074,3.619042508529823,14.481184616340663
226,0,no_lstm,16,4,0,0,4,4.757232020657333,13.564815521240234,-16.860321044921875,4.3072904219590775,13.811581944351765
227,0,no_lstm,17,3,0,2,5,4.6757628520808625,13.625731468200684,-11.534485816955566,3.7978037700310687,14.107335254952714
228,0,no_lstm,18,4,0,0,4,4.756444401016978,15.026693344116213,-18.27102279663086,4.280782160715955,13.869621444104324
229,0,no_lstm,19,4,0,1,5,4.490415970027536,12.873191833496094,-9.522876739501951,3.703204649774557,14.303232514001186
230,0,no_lstm,20,4,0,3,7,4.597774451932333,12.873191833496094,-10.172600746154783,3.675271241078359,14.454876402287784
231,0,no_lstm,21,4,0,1,5,4.632338357901455,13.574271202087402,-10.873956680297852,3.754048255359753,14.010522197556975
232,0,no_lstm,22,4,0,1,5,4.640515508036704,13.57658863067627,-10.41450023651123,3.803731066195186,13.975576807657877
233,0,no_lstm,23,2,1,2,4,4.4663918059655545,14.075732231140137,-10.421972274780272,3.502739282300793,14.44887414118366
234,0,no_lstm,24,4,1,0,4,4.617364953501449,13.85432243347168,-10.161299705505373,3.8662861962002615,14.904974216675207
235,0,no_lstm,25,4,0,0,4,4.779286449392441,13.625731468200684,-27.66440391540528,4.380040160505982,13.716585309647803
236,0,no_lstm,26,5,0,0,5,4.562604045532165,13.459701538085938,-11.534991264343262,3.735230455538701,14.151916044495035
237,0,no_lstm,27,3,1,3,6,4.584472317217287,12.873225212097168,-9.353842735290527,3.6099071604516895,14.721977385967673
238,0,no_lstm,28,5,0,0,5,4.619678195571831,12.873191833496094,-11.361336708068848,3.802172705506007,14.068001895942944
239,0,no_lstm,29,5,0,0,5,4.647901105901772,14.47239875793457,-10.836458206176758,3.7342797093704827,14.321269647495166
240,2,lstm_with_monitor,0,0,0,0,0,4.312577149424612,12.873191833496094,-7.655425071716309,1.401983632236741,20.591579063559028
241,2,lstm_with_monitor,1,1,0,0,1,4.325134219332821,12.873191833496094,-10.219368934631348,1.4027397068605734,20.725616383328333
242,2,lstm_with_monitor,2,0,0,0,0,4.3454043632810535,12.873191833496094,-9.57322597503662,1.3897794613579717,20.998202423191973
243,2,lstm_with_monitor,3,0,1,0,0,4.40006607426326,12.873191833496094,-7.182893753051758,1.343712295209584,19.674560708359788
244,2,lstm_with_monitor,4,0,0,0,0,4.3076231481329454,12.873191833496094,-8.664546012878418,1.3569628946300896,20.97211565077305
245,2,lstm_with_monitor,5,1,0,0,1,4.592310264886311,12.873191833496094,-6.1759138107299805,1.3168702514978956,18.72594825108846
246,2,lstm_with_monitor,6,0,1,0,0,4.54370555309176,12.939419746398926,-9.152259826660156,1.6361550609857634,20.84509134606311
247,2,lstm_with_monitor,7,1,0,0,1,4.353889418285167,12.873191833496094,-9.625911712646484,1.4088910771228338,20.49718870694124
248,2,lstm_with_monitor,8,1,0,0,1,3.7687938434381905,12.873191833496094,-10.27163028717041,1.3269792830162432,16.682275356490756
249,2,lstm_with_monitor,9,1,1,0,1,4.325231794952869,12.873191833496094,-7.973294258117676,1.3851253100407448,20.572020482717072
250,2,lstm_with_monitor,10,0,0,0,0,4.400288738048989,12.873191833496094,-11.34263038635254,1.424605963836337,20.30313595389105
251,2,lstm_with_monitor,11,1,0,0,1,4.284503742654459,12.873191833496094,-9.940581321716309,1.3723321381035387,20.311227161691797
252,2,lstm_with_monitor,12,1,0,0,1,4.299631624977003,12.873191833496094,-10.681610107421877,1.3939488330158583,20.469831785559656
253,2,lstm_with_monitor,13,1,1,0,1,4.392702624421618,12.873225212097168,-7.007193565368652,1.3467696160550975,20.630851425682774
254,2,lstm_with_monitor,14,1,0,0,1,4.332916374235962,12.873191833496094,-10.685505867004396,1.396485890935583,20.78692531885591
255,2,lstm_with_monitor,15,0,0,0,0,4.371894895350073,12.873191833496094,-8.204131126403809,1.3721285161444055,20.849210787576343
256,2,lstm_with_monitor,16,0,1,0,0,4.31895634687259,12.873191833496094,-8.707389831542969,1.367490705556583,20.59616290065562
257,2,lstm_with_monitor,17,0,0,0,0,4.317402369178917,12.873191833496094,-9.529070854187012,1.401388101904236,20.710679698513594
258,2,lstm_with_monitor,18,0,0,0,0,4.316919734798253,12.873191833496094,-7.378230094909668,1.3763787476036284,20.41530080275102
259,2,lstm_with_monitor,19,0,2,0,0,4.667419298784447,12.935519218444824,-8.785662651062012,1.6032817108554165,20.548258910308014
260,2,lstm_with_monitor,20,0,0,0,0,4.358795695713843,12.873191833496094,-10.012421607971191,1.419969463198796,20.614664940894404
261,2,lstm_with_monitor,21,0,0,0,0,4.325229747191251,12.873191833496094,-9.671554565429688,1.4124097345575481,20.758814406844806
262,2,lstm_with_monitor,22,1,0,0,1,4.36066250885579,12.873191833496094,-8.007268905639648,1.3657758996301783,20.719075906125806
263,2,lstm_with_monitor,23,1,1,0,1,4.4966455583408775,12.873191833496094,-9.663896560668944,1.5014345799414455,20.98858017735667
264,2,lstm_with_monitor,24,0,0,0,0,4.323227751882978,12.873191833496094,-8.553509712219238,1.3687162628771214,20.438131837635577
265,2,lstm_with_monitor,25,0,0,0,0,4.379798840926798,12.873191833496094,-6.999292373657227,1.4339118303611884,18.063366552826704
266,2,lstm_with_monitor,26,0,1,0,0,4.35387670275238,12.873191833496094,-5.678248405456543,1.3228248369529625,20.798066594932653
267,2,lstm_with_monitor,27,0,1,0,0,4.469954126822572,12.873191833496094,-6.339221000671387,1.3794695378607011,17.594231227775673
268,2,lstm_with_monitor,28,0,0,1,1,4.382959125038559,12.873191833496094,-8.001365661621094,1.3894613708676693,20.832489378844635
269,2,lstm_with_monitor,29,0,3,0,0,4.665305177026344,13.280706405639648,-7.399172782897949,1.7616924321019987,20.619053772977882
270,2,lstm_with_monitor,0,0,0,0,0,4.363658080196467,12.873191833496094,-6.991543769836426,1.4174403210149846,17.94771773625934
271,2,lstm_with_monitor,1,0,0,0,0,4.3288589398631006,12.873191833496094,-7.330255508422852,1.379384354027517,20.86035971071735
272,2,lstm_with_monitor,2,1,0,0,1,4.451748808592357,12.873191833496094,-7.264666557312012,1.350106934672733,20.418919282437916
273,2,lstm_with_monitor,3,0,0,0,0,4.385349429793505,12.873191833496094,-7.384843826293945,1.3912516010678435,20.866274296098453
274,2,lstm_with_monitor,4,1,0,0,1,4.276096765776252,12.873191833496094,-8.387365341186523,1.5235276749363653,20.799636492419168
275,2,lstm_with_monitor,5,0,0,0,0,4.299061949533309,12.873191833496094,-7.1794939041137695,1.4177292161942652,18.463769075274467
276,2,lstm_with_monitor,6,0,0,0,0,4.35236656277962,12.873191833496094,-8.735489845275879,1.3673806836842761,20.51970952993688
277,2,lstm_with_monitor,7,1,1,0,1,4.663788037048136,13.20185661315918,-9.542202949523926,1.65892232939429,20.442013326317372
278,2,lstm_with_monitor,8,0,0,0,0,4.340359824428104,12.873191833496094,-9.932537078857422,1.3510228254260854,20.802898535938382
279,2,lstm_with_monitor,9,0,0,0,0,4.3726521145549,12.873191833496094,-10.608782768249512,1.365693120314813,20.999130252050975
280,2,lstm_with_monitor,10,0,0,0,0,4.307200329515429,12.873191833496094,-8.707389831542969,1.3728348437957891,20.482179826498033
281,2,lstm_with_monitor,11,1,0,0,1,4.366429160304383,12.873191833496094,-7.129888534545898,1.3637000794878433,17.79759282914419
282,2,lstm_with_monitor,12,0,1,0,0,4.682614940284563,12.873191833496094,-5.984673500061035,1.5676441336229254,20.63850540549068
283,2,lstm_with_monitor,13,0,0,0,0,4.329111031348717,12.873191833496094,-7.922863960266113,1.4001186565101917,20.67182355406899
284,2,lstm_with_monitor,14,1,0,0,1,4.434815845132701,12.877545356750488,-6.94453239440918,1.3769891284665403,17.558229295669065
285,2,lstm_with_monitor,15,1,0,0,1,4.37469058782124,12.873191833496094,-8.277220726013184,1.397586531844173,20.53436599458967
286,2,lstm_with_monitor,16,0,0,0,0,4.329990483064501,12.873191833496094,-8.626842498779297,1.4096846419129283,20.71837615966797
287,2,lstm_with_monitor,17,1,0,0,1,4.299692716129023,12.873191833496094,-9.353852272033691,1.349856807857325,20.407943660020827
288,2,lstm_with_monitor,18,2,0,0,2,4.267193715990228,12.873191833496094,-6.77579402923584,1.4036086740705644,21.247073424489873
289,2,lstm_with_monitor,19,1,0,0,1,4.278992255356826,12.875804901123049,-10.181093215942385,1.3992461700027958,20.45430694899944
290,2,lstm_with_monitor,20,1,0,0,1,4.293344322748358,12.873191833496094,-9.481263160705566,1.3352118764214984,19.65556812583472
291,2,lstm_with_monitor,21,1,0,0,1,4.343833984566621,12.873191833496094,-9.57839012145996,1.3752594682359514,20.487644273775985
292,2,lstm_with_monitor,22,1,1,0,1,4.319695057498897,12.873191833496094,-9.9444580078125,1.372994785801695,20.947334561602077
293,2,lstm_with_monitor,23,0,0,0,0,4.284832728557054,12.873191833496094,-8.129315376281738,1.3646345972267575,20.159883787327466
294,2,lstm_with_monitor,24,1,0,0,1,4.3564694426453805,12.873187065124512,-10.579657554626465,1.4405140985601568,20.70465042319479
295,2,lstm_with_monitor,25,0,0,0,0,4.345517985490093,12.873191833496094,-8.823485374450684,1.393463332602008,20.718432910810886
296,2,lstm_with_monitor,26,1,0,0,1,4.325928016392612,12.873425483703612,-7.932953834533691,1.4010995485249838,20.603400057966603
297,2,lstm_with_monitor,27,1,1,0,1,4.359685711879592,12.873191833496094,-7.553181648254394,1.3765886887932604,20.74364018966723
298,2,lstm_with_monitor,28,0,1,0,0,4.331081356249601,12.873191833496094,-7.204551696777344,1.40201020187415,17.49702626654187
299,2,lstm_with_monitor,29,1,1,0,1,4.514369385554015,12.873191833496094,-10.226426124572754,1.5750801404943575,20.63279805152245
300,2,lstm_with_monitor,0,0,0,0,0,4.355040418118936,12.873191833496094,-8.001365661621094,1.3837351022285707,20.81414383367785
301,2,lstm_with_monitor,1,1,0,0,1,4.345474318051462,12.873191833496094,-8.007268905639648,1.3472930899665432,20.700864704625463
302,2,lstm_with_monitor,2,0,0,0,0,4.380560425899229,12.873191833496094,-8.767409324645996,1.42046481608641,20.63001013861762
303,2,lstm_with_monitor,3,0,1,0,0,4.377296102501941,12.873191833496094,-8.204131126403809,1.3954673763263894,20.860270049080015
304,2,lstm_with_monitor,4,1,0,0,1,4.3204900861588875,12.873191833496094,-7.83747673034668,1.3680750681334277,20.840001124199656
305,2,lstm_with_monitor,5,0,0,0,0,4.315924402173466,12.877545356750488,-9.62862491607666,1.363072109379798,20.847766918074747
306,2,lstm_with_monitor,6,1,1,0,1,4.4106068743274855,12.873187065124512,-7.171564102172852,1.5000741129276494,20.85815472039171
307,2,lstm_with_monitor,7,1,0,0,1,4.327726157938245,12.873191833496094,-6.132340431213379,1.3838751696677403,20.996968302336878
308,2,lstm_with_monitor,8,1,0,0,1,4.3605068048010915,12.873191833496094,-7.311568260192871,1.3934594935436018,20.713554943664164
309,2,lstm_with_monitor,9,1,2,0,1,4.547350635839042,12.873144149780272,-8.013405799865723,1.6236825205983225,20.080440941609833
310,2,lstm_with_monitor,10,1,0,0,1,4.2982482341173025,12.873163223266602,-7.052702903747559,1.3499727204180978,20.966869431734086
311,2,lstm_with_monitor,11,1,0,0,1,4.355437688187275,12.873191833496094,-8.318147659301758,1.4133318606237457,20.703235937070243
312,2,lstm_with_monitor,12,1,0,0,1,4.363446494900059,12.873191833496094,-9.248208999633787,1.436523986027816,20.653250129917
313,2,lstm_with_monitor,13,1,0,0,1,4.326869608289314,12.873191833496094,-8.93420696258545,1.3723352735854206,20.802810539989352
314,2,lstm_with_monitor,14,0,1,0,0,4.37544388505818,12.873191833496094,-8.481078147888184,1.4239707313161416,20.574878728957405
315,2,lstm_with_monitor,15,0,0,0,0,4.386101162825982,12.873191833496094,-7.09263801574707,1.3767416123995837,20.69828088116494
316,2,lstm_with_monitor,16,0,0,1,1,4.421356932976844,12.873191833496094,-8.292016983032227,1.4909089630896923,20.837548825687495
317,2,lstm_with_monitor,17,1,0,0,1,4.319117141443446,12.873191833496094,-8.371257781982422,1.3734365512027147,20.30659528062635
318,2,lstm_with_monitor,18,0,0,0,0,4.452002141835322,12.873191833496094,-7.36208438873291,1.3076439137329738,17.66749185420163
319,2,lstm_with_monitor,19,1,0,0,1,4.31914299203748,12.873191833496094,-10.029230117797852,1.4557778627798796,20.733026918768882
320,2,lstm_with_monitor,20,1,0,0,1,4.345633239350576,12.873191833496094,-10.021371841430664,1.4117897840148468,20.548532592761404
321,2,lstm_with_monitor,21,0,0,0,0,4.298761188436795,12.873191833496094,-7.547092437744141,1.388119935027803,20.552214059233666
322,2,lstm_with_monitor,22,1,0,0,1,4.31846823917261,12.873191833496094,-8.253679275512695,1.3688237820986273,20.596319577097894
323,2,lstm_with_monitor,23,1,0,0,1,4.314524662657233,12.873191833496094,-8.849010467529297,1.3894380330676075,20.45487237051363
324,2,lstm_with_monitor,24,1,0,0,1,4.279335185442575,12.873191833496094,-9.621620178222656,1.3705978845492037,20.532067953429607
325,2,lstm_with_monitor,25,0,0,0,0,4.396335211025727,12.873191833496094,-7.646355628967285,1.407519169537442,17.77627013514217
326,2,lstm_with_monitor,26,0,0,0,0,4.334118810417556,12.873191833496094,-9.57993507385254,1.3946715283764235,20.644242498109925
327,2,lstm_with_monitor,27,1,0,0,1,4.377695670847753,12.873191833496094,-6.906027793884277,1.4236803245682812,20.659451778351315
328,2,lstm_with_monitor,28,0,1,0,0,4.40791507175004,12.875804901123049,-6.73335075378418,1.5372030550851188,20.98491655641301
329,2,lstm_with_monitor,29,0,0,0,0,4.342821596416238,12.873191833496094,-8.553509712219238,1.3716797248357273,20.76027312968512
330,2,lstm_with_monitor,0,0,0,0,0,4.39991877976021,12.873191833496094,-7.609062194824219,1.3994473279006376,20.644831154674005
331,2,lstm_with_monitor,1,0,0,0,0,4.363840930595182,12.873191833496094,-7.295489311218262,1.45783438072541,17.563120203169564
332,2,lstm_with_monitor,2,0,1,0,0,4.274380494801065,12.873191833496094,-8.129277229309082,1.3847568951405866,20.00111084695188
333,2,lstm_with_monitor,3,1,0,0,1,4.373168529575676,12.873225212097168,-6.976041793823242,1.4052183057875067,17.859986832028344
334,2,lstm_with_monitor,4,0,1,0,0,4.47865915021065,12.877545356750488,-8.767542839050293,1.5363458211600574,20.81765901386545
335,2,lstm_with_monitor,5,0,0,0,0,4.331444771866324,12.873191833496094,-8.321366310119629,1.432001308793843,20.412097683492696
336,2,lstm_with_monitor,6,1,0,0,1,4.310568246610571,12.873191833496094,-9.14381980895996,1.3617959979765535,20.785796407621856
337,2,lstm_with_monitor,7,0,0,0,0,4.390640631314045,12.873191833496094,-8.250102996826172,1.3730942938646735,20.731325006788705
338,2,lstm_with_monitor,8,0,0,0,0,4.355364836296699,12.873191833496094,-8.944272994995117,1.3515161825999935,20.608023965396338
339,2,lstm_with_monitor,9,1,0,0,1,4.346078847051696,12.87315845489502,-10.276355743408203,1.433212539438647,20.622781758052692
340,2,lstm_with_monitor,10,1,0,0,1,4.332465914183153,12.873191833496094,-8.006463050842285,1.3673671952331774,20.65509745759784
341,2,lstm_with_monitor,11,1,0,0,1,4.345406656077018,12.873191833496094,-7.020940780639648,1.3528048008515896,20.615633688632798
342,2,lstm_with_monitor,12,0,0,0,0,4.298350851871904,12.873191833496094,-7.655425071716309,1.383147021812404,20.94671911597252
343,2,lstm_with_monitor,13,0,0,0,0,4.357110557903469,12.873191833496094,-7.378230094909668,1.3872401635583846,20.81996493098102
344,2,lstm_with_monitor,14,1,0,1,2,4.5403279995145285,13.649377822875977,-9.249310493469238,1.557582211716513,20.609997355351684
345,2,lstm_with_monitor,15,1,1,0,1,4.303076200582685,12.872896194458008,-9.954447746276855,1.3931520867454315,20.750873358547686
346,2,lstm_with_monitor,16,0,0,0,0,4.342453296234265,12.873191833496094,-9.233951568603516,1.405017576700118,20.9500308021762
347,2,lstm_with_monitor,17,1,0,0,1,4.312169461583319,12.873191833496094,-9.353852272033691,1.3555556083093308,20.358705857396124
348,2,lstm_with_monitor,18,0,0,0,0,4.400906952407119,12.873191833496094,-8.320493698120117,1.410491317530661,20.75607780298105
349,2,lstm_with_monitor,19,0,1,0,0,4.6459491303087,12.873239517211914,-8.189210891723633,1.6593860262291968,20.410963490505345
350,2,lstm_with_monitor,20,1,0,0,1,4.33194120170269,12.873191833496094,-7.63669490814209,1.38463255664735,20.944387996721566
351,2,lstm_with_monitor,21,1,0,0,1,4.329106063137971,12.873425483703612,-9.14952278137207,1.447879987360181,20.760285917318093
352,2,lstm_with_monitor,22,0,0,0,0,4.334254642467868,12.873191833496094,-8.681530952453613,1.404261568040009,20.64589567604305
353,2,lstm_with_monitor,23,0,0,0,0,4.37090805634704,12.873191833496094,-9.431891441345217,1.391633116931561,20.770001036023338
354,2,lstm_with_monitor,24,1,0,0,1,4.3728179408263514,12.873239517211914,-10.672879219055176,1.413670628500777,20.531174269176663
355,2,lstm_with_monitor,25,1,0,0,1,4.337763826462028,12.87315845489502,-10.263032913208008,1.3993799309865753,20.582735920852084
356,2,lstm_with_monitor,26,0,0,0,0,4.322937383926299,12.873191833496094,-6.561760902404785,1.3638352235112905,20.591417112320567
357,2,lstm_with_monitor,27,0,0,0,0,4.293731391087213,12.873191833496094,-6.661834716796875,1.364079882840464,20.069484042230055
358,2,lstm_with_monitor,28,1,0,0,1,4.364888871789725,12.873191833496094,-9.249486923217772,1.4014414331578688,20.618975974336454
359,2,lstm_with_monitor,29,1,1,0,1,4.385581170682971,12.873425483703612,-8.306264877319336,1.401953173407008,20.63842983306593
360,2,no_lstm,0,4,1,0,4,4.544776819380793,13.62595558166504,-9.76473331451416,3.6322000612687546,12.522527931541797
361,2,no_lstm,1,4,0,1,5,4.735857873623408,14.94175910949707,-9.965376853942873,3.8368825304851426,12.315020738188753
362,2,no_lstm,2,5,0,0,5,4.743661236948896,14.92927074432373,-9.90720272064209,3.846539097450303,12.34380846681266
363,2,no_lstm,3,1,4,1,2,4.575043143213681,13.428106307983398,-9.63709831237793,3.3259421716641637,12.859992787043254
364,2,no_lstm,4,4,1,1,5,4.540170247370134,13.84024143218994,-10.030016899108888,3.6500910432851223,12.600650561566384
365,2,no_lstm,5,4,0,1,5,4.755938695960942,14.949517250061035,-9.81119155883789,3.8596476949019975,12.409755193900407
366,2,no_lstm,6,4,0,1,5,4.7442238520110305,14.92391586303711,-11.670994758605955,3.847454664112073,12.299103961367788
367,2,no_lstm,7,4,0,1,5,4.737980737392119,14.949517250061035,-9.975371360778809,3.8417454385618823,12.328308277523394
368,2,no_lstm,8,4,1,0,4,4.542571312504722,14.907879829406738,-9.350452423095703,3.688733160564646,12.586836298700213
369,2,no_lstm,9,5,0,1,6,4.5778057714113505,13.864583969116213,-9.599251747131348,3.7597732555518752,12.614504761695862
370,2,no_lstm,10,3,2,0,3,4.577773348868779,13.398056030273438,-9.43091869354248,3.45773179596929,13.016925379435222
371,2,no_lstm,11,1,6,2,3,4.59935160711945,12.873225212097168,-8.458003997802734,3.344863831003292,12.923493173210119
372,2,no_lstm,12,3,2,1,4,4.598144458138484,12.880520820617676,-9.706344604492188,3.5557409714442354,12.901764901585404
373,2,no_lstm,13,3,0,1,4,4.85414314707392,13.618049621582031,-54.37915802001953,4.333274018739589,12.778749258791814
374,2,no_lstm,14,4,0,0,4,4.540516303056213,14.647378921508787,-10.426011085510254,3.5817808418546315,12.592820552800665
375,2,no_lstm,15,4,0,1,5,4.739783346018934,14.941658973693848,-9.950337409973145,3.8442792428686046,12.273601425472403
376,2,no_lstm,16,1,5,0,1,4.575043871185076,12.873144149780272,-9.549217224121094,3.317722685921176,13.077319984436036
377,2,no_lstm,17,4,0,1,5,4.738269017816912,14.94192600250244,-9.947757720947266,3.839927876979375,12.30117321505989
378,2,no_lstm,18,4,1,0,4,4.557157343884334,13.868250846862791,-9.56674098968506,3.678851749177542,12.578471842794324
379,2,no_lstm,19,4,0,1,5,4.73718742013885,14.928693771362305,-9.994473457336426,3.848897453517332,12.403569838772082
380,2,no_lstm,20,4,0,1,5,4.736628589647367,14.941530227661133,-9.94882106781006,3.8466476061263424,12.314395148460179
381,2,no_lstm,21,4,0,1,5,4.544528602548083,14.44727897644043,-9.51106071472168,3.6525448125994306,12.538584961796438
382,2,no_lstm,22,1,4,0,1,4.5422892813067675,12.873191833496094,-10.048003196716309,3.3372125905235346,13.085904010873756
383,2,no_lstm,23,2,2,0,2,4.579860748033615,13.888616561889648,-11.185040473937988,3.4391783590317573,12.834473737080891
384,2,no_lstm,24,4,0,1,5,4.737980737392119,14.949517250061035,-9.975371360778809,3.8417454385618823,12.328437852695636
385,2,no_lstm,25,4,0,1,5,4.746140390512553,14.925832748413086,-10.409746170043944,3.8429694248436683,12.30391133200262
386,2,no_lstm,26,2,3,1,3,4.558543174746911,12.87315845489502,-10.085182189941406,3.4018832353909887,12.97789811929595
387,2,no_lstm,27,4,1,1,5,4.5466994091383786,12.873191833496094,-10.83590030670166,3.5949321081639005,12.475067168671563
388,2,no_lstm,28,4,0,1,5,4.73802237727889,14.949736595153809,-9.950847625732422,3.8384085490645905,12.309127114482761
389,2,no_lstm,29,4,0,1,5,4.699986808361534,14.927496910095217,-11.698112487792969,3.7903240187494642,12.222665167663058
390,2,no_lstm,0,4,0,1,5,4.7383571425673185,14.949517250061035,-9.972319602966309,3.842256497375561,12.328025968623734
391,2,no_lstm,1,4,0,0,4,4.860503405657031,13.282337188720703,-39.564971923828125,4.418938046619979,13.761015161987423
392,2,no_lstm,2,1,4,1,2,4.56016191283818,12.873191833496094,-9.342336654663086,3.363554095730387,12.930566030483309
393,2,no_lstm,3,1,3,2,3,4.575364091874055,12.873191833496094,-10.169153213500977,3.377627917100857,12.747566630045572
394,2,no_lstm,4,4,0,1,5,4.51549554477092,13.622937202453612,-9.775409698486328,3.625859800600143,12.592995547934583
395,2,no_lstm,5,4,0,1,5,4.7561201099686725,14.949517250061035,-9.81119155883789,3.8609666548333417,12.404849991355974
396,2,no_lstm,6,3,2,0,3,4.532528608723532,12.873191833496094,-9.42152500152588,3.516180845251274,12.915330112570583
397,2,no_lstm,7,4,0,1,5,4.739714237096067,14.92539405822754,-10.401983261108398,3.8329490823337764,12.32936755734211
398,2,no_lstm,8,4,0,1,5,4.715449651505126,14.93133544921875,-9.919371604919434,3.8486380056411047,12.363683115946104
399,2,no_lstm,9,4,0,1,5,4.7399402645361866,14.931387901306152,-10.004186630249023,3.8442594838832553,12.395077169758
400,2,no_lstm,10,4,0,1,5,4.736182757314847,14.941530227661133,-9.94882106781006,3.8488662786244916,12.32704705571475
401,2,no_lstm,11,3,2,1,4,4.600423620477659,12.873191833496094,-8.40517520904541,3.486437296002962,12.855046648644285
402,2,no_lstm,12,4,0,1,5,4.738070126232096,14.94175910949707,-9.963054656982422,3.8348721587272525,12.287589495943994
403,2,no_lstm,13,4,0,0,4,4.632754390469396,13.934731483459473,-10.40308952331543,3.7664266159382236,12.656654735205551
404,2,no_lstm,14,4,0,1,5,4.73649330143348,14.943499565124512,-9.94154453277588,3.842276528444495,12.305507643525953
405,2,no_lstm,15,4,0,1,5,4.73718742013885,14.928693771362305,-9.994473457336426,3.848897453517332,12.403569838772082
406,2,no_lstm,16,4,0,1,5,4.738112029219095,14.932575225830078,-9.991674423217772,3.84021504607864,12.369795635393805
407,2,no_lstm,17,3,2,1,4,4.559342183228042,13.395137786865234,-10.862183570861816,3.6219632194338214,12.61981722841231
408,2,no_lstm,18,5,0,0,5,4.707409475540555,15.056180953979492,-9.910163879394531,3.826335150124149,12.316768082853866
409,2,no_lstm,19,1,3,0,1,4.557071545968511,13.235349655151367,-9.812664985656738,3.331342417567348,13.103228974579972
410,2,no_lstm,20,5,0,0,5,4.712818901711224,14.93417263031006,-11.672201156616213,3.850379685279085,12.351031262580662
411,2,no_lstm,21,2,2,1,3,4.544412348196266,13.439264297485352,-9.731283187866213,3.4942689730463297,12.848894603994509
412,2,no_lstm,22,4,0,1,5,4.739298705553448,14.932985305786133,-10.400042533874512,3.8496005555410453,12.41424686941382
413,2,no_lstm,23,1,4,2,3,4.601414700894941,13.406577110290527,-9.345941543579102,3.404383534485767,12.903609467190643
414,2,no_lstm,24,5,0,0,5,4.634074586550218,14.014687538146973,-9.755382537841797,3.784693969193475,12.319843588648615
415,2,no_lstm,25,3,0,1,4,4.818506576680685,14.438037872314451,-46.27632141113281,4.387825345731242,12.802626946941018
416,2,no_lstm,26,4,0,1,5,4.737980737392119,14.949517250061035,-9.975371360778809,3.8417454385618823,12.327158523179412
417,2,no_lstm,27,4,0,1,5,4.581901053965978,14.582514762878418,-9.999804496765137,3.669857704668001,12.540300585428874
418,2,no_lstm,28,4,2,0,4,4.602251867766456,13.861494064331056,-9.561319351196287,3.677755210774026,12.555522781550685
419,2,no_lstm,29,4,1,1,5,4.54554426056353,14.610676765441896,-10.380048751831056,3.656287832157081,12.545039153256953
420,2,no_lstm,0,3,2,1,4,4.577379573763302,13.4373140335083,-9.245233535766602,3.5834192950728925,12.668590839703878
421,2,no_lstm,1,4,0,1,5,4.743288940868111,14.930076599121094,-9.715871810913086,3.84638663508216,12.32114354359735
422,2,no_lstm,2,2,3,1,3,4.548518407373298,13.398213386535645,-9.431843757629396,3.3953772411026972,13.083494319031571
423,2,no_lstm,3,4,0,1,5,4.670105343514289,14.039607048034668,-9.796075820922852,3.7595026125960445,12.273375242143064
424,2,no_lstm,4,4,1,0,4,4.5602825781840535,14.929242134094238,-9.817452430725098,3.680783206685409,12.504166465265014
425,2,no_lstm,5,4,0,1,5,4.544054774437609,13.858590126037598,-10.028138160705566,3.6357552652316456,12.587160487838139
426,2,no_lstm,6,4,1,0,4,4.57650433260291,13.85939598083496,-9.634194374084473,3.6516213188759874,12.568213623364766
427,2,no_lstm,7,1,2,0,1,4.560805742476133,12.877545356750488,-8.681340217590332,3.2573741139647474,13.159430763650178
428,2,no_lstm,8,2,0,1,3,4.9698339597321395,13.42811107635498,-48.78485107421875,4.381936796228642,12.946967166746962
429,2,no_lstm,9,4,0,1,5,4.737980737392119,14.949517250061035,-9.975371360778809,3.8417454385618823,12.327158523179412
430,2,no_lstm,10,1,3,0,1,4.563555424574692,12.87290096282959,-8.366765975952148,3.3635745282238374,13.062554945581379
431,2,no_lstm,11,1,0,0,1,5.70610226687758,12.873187065124512,-17.980545043945312,4.674550455025987,15.458802251462583
432,2,no_lstm,12,4,0,1,5,4.737980737392119,14.949517250061035,-9.975371360778809,3.8417454385618823,12.327158523179412
433,2,no_lstm,13,4,0,1,5,4.742308634643386,14.925408363342283,-11.699914932250977,3.8451109090321562,12.340910087336379
434,2,no_lstm,14,2,0,1,3,4.973723375727909,13.427672386169434,-47.503700256347656,4.367410224999921,12.935594180183953
435,2,no_lstm,15,4,1,0,4,4.580793484033039,13.856840133666992,-9.613490104675291,3.65351612568159,12.572840016682942
436,2,no_lstm,16,1,5,2,3,4.55982666641463,13.400707244873049,-9.375452995300291,3.3124661600872582,12.850744866849576
437,2,no_lstm,17,4,1,0,4,4.575990567585718,13.856854438781738,-9.628643989562988,3.6463745620188064,12.57472198009491
438,2,no_lstm,18,1,2,2,3,4.579828675966354,12.873191833496094,-10.159978866577148,3.3671948821251014,12.779637479782105
439,2,no_lstm,19,4,0,1,5,4.736593841974772,14.949517250061035,-9.976649284362791,3.841565997491324,12.31823333268313
440,2,no_lstm,20,4,1,0,4,4.542658799216538,13.627276420593262,-9.750137329101562,3.6379239962409806,12.513809534098138
441,2,no_lstm,21,3,2,1,4,4.5589444618297295,12.873191833496094,-10.123438835144045,3.564850076389862,12.827946046658132
442,2,no_lstm,22,4,1,0,4,4.542790886464588,13.578763008117676,-10.02793312072754,3.62153492512986,12.597518450377004
443,2,no_lstm,23,4,0,1,5,4.593442985027621,14.89530086517334,-10.017223358154297,3.6767783917924226,12.544438339794759
444,2,no_lstm,24,4,0,0,4,4.8805399758053145,14.93527889251709,-17.041980743408203,4.396210347631826,12.494680964387953
445,2,no_lstm,25,4,1,1,5,4.559507637900066,14.448690414428713,-9.883294105529783,3.672367242529339,12.51697853474918
446,2,no_lstm,26,4,0,0,4,4.899786137823198,13.578953742980955,-19.325502395629883,4.447578390667619,12.58509111214444
447,2,no_lstm,27,4,0,1,5,4.75580122675774,14.949517250061035,-9.81119155883789,3.861751455055676,12.404758504166226
448,2,no_lstm,28,4,1,1,5,4.5471608180684875,12.873191833496094,-10.972375869750977,3.546559880338673,12.928296520220522
449,2,no_lstm,29,4,0,1,5,4.738753907465048,14.931478500366213,-9.998250007629396,3.841652639348581,12.37184802963309
450,2,no_lstm,0,4,0,1,5,4.73782815200508,14.352631568908691,-11.585087776184082,3.8420844690007367,12.307542902149565
451,2,no_lstm,1,4,1,0,4,4.558142394501596,12.873191833496094,-9.399781227111816,3.617296141450138,12.76544561893045
452,2,no_lstm,2,2,0,0,2,5.184960595128079,13.902807235717772,-55.01456451416016,4.482472174934808,13.574663459569559
453,2,no_lstm,3,4,1,1,5,4.511556616524422,13.84117603302002,-10.01798152923584,3.6137834810930984,12.630382970759744
454,2,no_lstm,4,5,0,0,5,4.794459595327512,13.10588836669922,-43.38984680175781,4.408812165127443,14.756283208127423
455,2,no_lstm,5,4,1,0,4,4.566911761131884,14.449691772460938,-11.37547492980957,3.652687190701065,12.583482680526682
456,2,no_lstm,6,4,0,1,5,4.737980737392119,14.949517250061035,-9.975371360778809,3.8417454385618823,12.327158523179412
457,2,no_lstm,7,4,0,1,5,4.7376021337436605,14.949603080749512,-9.95652198791504,3.8473889256852325,12.298876889764447
458,2,no_lstm,8,4,0,1,5,4.738726657568478,14.93290901184082,-10.403594970703123,3.8404685567635526,12.405284386729866
459,2,no_lstm,9,4,0,1,5,4.737980737392119,14.949517250061035,-9.975371360778809,3.8417454385618823,12.327158523179412
460,2,no_lstm,10,4,0,1,5,4.737942246011769,14.354705810546877,-11.580090522766112,3.8490559041906365,12.339023467612593
461,2,no_lstm,11,4,1,1,5,4.593486958703161,13.866376876831056,-9.5621919631958,3.663714616283919,12.559396333917727
462,2,no_lstm,12,4,0,1,5,4.739367791419253,14.932985305786133,-10.400228500366213,3.85056329174591,12.41435049168051
463,2,no_lstm,13,4,0,0,4,4.8803464600128255,14.942102432250977,-17.858793258666992,4.364311324334795,12.507625710219145
464,2,no_lstm,14,4,2,1,5,4.561010654464603,13.62576961517334,-9.769244194030762,3.658028588475286,12.470130294660397
465,2,no_lstm,15,4,0,1,5,4.737722942592446,14.931015968322754,-10.033740997314451,3.8393460757161413,12.331556816690975
466,2,no_lstm,16,4,0,1,5,4.713810926717532,14.93133544921875,-9.919371604919434,3.8489000635911226,12.368669274735124
467,2,no_lstm,17,4,0,1,5,4.736922788886268,14.936223030090332,-9.952988624572754,3.842662563725388,12.331683772884004
468,2,no_lstm,18,4,1,0,4,4.55748436348075,14.472103118896484,-10.83195686340332,3.6973283803207133,12.460712813063713
469,2,no_lstm,19,4,0,1,5,4.757434107062017,14.93133544921875,-9.78750705718994,3.8538730514865667,12.330181623242565
470,2,no_lstm,20,4,1,0,4,4.528138920596814,13.569574356079102,-9.87405776977539,3.5892115262949744,12.53022547523574
471,2,no_lstm,21,4,0,1,5,4.736586977404102,14.950461387634276,-9.969644546508787,3.843508169741548,12.303529401825056
472,2,no_lstm,22,2,2,0,2,4.558894572445019,12.873191833496094,-8.92608642578125,3.4185632225364935,12.857162081125963
473,2,no_lstm,23,4,0,1,5,4.740499608787978,14.950847625732422,-9.999351501464844,3.8429369158855837,12.269675628426148
474,2,no_lstm,24,4,1,1,5,4.558343712852733,13.85366439819336,-10.022883415222168,3.6987744565800686,12.56821965537594
475,2,no_lstm,25,1,5,0,1,4.5660554400124935,12.873191833496094,-9.487156867980955,3.2738960915473343,13.23649317085545
476,2,no_lstm,26,4,1,0,4,4.593576623026833,13.746256828308104,-9.558401107788086,3.6610156272476844,12.533428759877896
477,2,no_lstm,27,4,0,1,5,4.737980737392119,14.949517250061035,-9.975371360778809,3.8417454385618823,12.327158523179412
478,2,no_lstm,28,1,4,0,1,4.590768302743741,12.873191833496094,-9.436993598937988,3.3120154641779838,13.11591275320404
479,2,no_lstm,29,4,1,0,4,4.557176149743826,13.866252899169922,-10.038814544677734,3.6877770640429675,12.656536709034562
