,patient_type,control_type,hazard_type,total_hazard_num,average_pre_alert_time_step,average_pre_alert_time_minute
0,adolescent,lstm_with_monitor,total,317,7.700315457413249,23.100946372239747
1,adolescent,lstm_with_monitor,hyper,248,7.532258064516129,22.596774193548388
2,adolescent,lstm_with_monitor,hypo,69,8.304347826086957,24.91304347826087
3,adolescent,lstm_no_monitor,total,317,3.0725552050473186,9.217665615141955
4,adolescent,lstm_no_monitor,hyper,248,3.5403225806451615,10.620967741935484
5,adolescent,lstm_no_monitor,hypo,69,1.391304347826087,4.173913043478261
6,adult,lstm_with_monitor,total,128,7.6640625,22.9921875
7,adult,lstm_with_monitor,hyper,65,7.384615384615385,22.153846153846153
8,adult,lstm_with_monitor,hypo,63,7.9523809523809526,23.857142857142858
9,adult,lstm_no_monitor,total,128,0.4140625,1.2421875
10,adult,lstm_no_monitor,hyper,65,0.6307692307692307,1.8923076923076922
11,adult,lstm_no_monitor,hypo,63,0.19047619047619047,0.5714285714285714
12,child,lstm_with_monitor,total,355,6.230985915492957,18.69295774647887
13,child,lstm_with_monitor,hyper,136,9.220588235294118,27.661764705882355
14,child,lstm_with_monitor,hypo,219,4.3744292237442925,13.123287671232877
15,child,lstm_no_monitor,total,355,3.5183098591549298,10.55492957746479
16,child,lstm_no_monitor,hyper,136,7.0661764705882355,21.198529411764707
17,child,lstm_no_monitor,hypo,219,1.3150684931506849,3.9452054794520546
