,0,1,2,3,4
control_type,no_lstm,lstm_with_monitor,lstm_with_monitor,lstm_with_monitor,lstm_with_monitor
control_parameter,0,20_5,20_0,15_5,15_0
warning_type_2,7.5,28.1,32.0,30.1,30.0
warning_type_3,18.2,30.5,31.7,29.7,30.2
warning_type_4,1.8,13.1,16.7,15.0,14.8
warning_type_5,4.3,11.3,13.1,11.7,12.2
total_warning_num,31.8,83.0,93.5,86.5,87.2
hazard_type_2,4.4,4.1,4.5,3.0,3.1
hazard_type_3,10.1,10.7,10.8,11.2,11.3
hazard_type_4,1.1,1.5,1.5,1.1,1.1
hazard_type_5,4.0,2.2,2.2,1.9,1.9
total_hazard_num,19.6,18.5,19.0,17.2,17.4
hazard_type_4_all_num,1.3,2.0,2.0,1.2,1.2
hazard_type_5_all_num,4.2,2.6,2.6,2.2,2.2
aveg_reaction_time,,,,,
aveg_hazard_time,26.184763636154763,22.556705585236262,21.797176470588234,22.162548643113162,22.00001241679468
correction_rate,,,,,
aveg_correction_time,,,,,
basal_severe_low_adjust_num,0.0,9.0,9.8,9.5,9.5
basal_severe_high_not_last_adjust_num,0.0,6.3,6.5,6.9,6.3
basal_severe_high_last_adjust_num,0.0,0.0,0.0,0.0,0.0
basal_mild_low_not_last_adjust_num,0.0,21.5,21.4,20.4,20.7
basal_mild_low_last_adjust_num,0.0,0.0,0.0,0.0,0.0
basal_mild_high_not_last_adjust_num,0.0,26.5,26.5,25.0,25.2
basal_mild_high_last_adjust_num,0.0,0.0,0.0,0.0,0.0
bolus_correction_adjust_num,0.0,0.0,0.0,0.0,0.0
meal_bolus_adjust_num,25.5,25.5,25.5,25.5,25.5
warning_eat_num,5.7,8.8,9.6,9.4,9.5
