,0,1,2,3,4
control_type,no_lstm,lstm_with_monitor,lstm_with_monitor,lstm_with_monitor,lstm_with_monitor
control_parameter,0,20_5,20_0,15_5,15_0
warning_type_2,5.2,25.0,22.6,25.0,23.6
warning_type_3,9.2,16.2,15.7,15.0,15.5
warning_type_4,1.5,7.9,8.1,10.2,8.8
warning_type_5,0.1,1.2,1.0,0.9,0.5
total_warning_num,16.0,50.3,47.4,51.1,48.4
hazard_type_2,2.9,2.3,2.3,2.4,2.6
hazard_type_3,9.0,4.2,4.3,4.2,4.1
hazard_type_4,0.9,0.5,0.6,0.6,0.6
hazard_type_5,0.1,0.1,0.1,0.1,0.1
total_hazard_num,12.9,7.1,7.3,7.3,7.4
hazard_type_4_all_num,1.2,0.7,0.7,0.8,0.7
hazard_type_5_all_num,0.1,0.1,0.1,0.1,0.1
aveg_reaction_time,,,,,
aveg_hazard_time,18.137554638344113,10.388722943722945,10.043636363636363,11.339960317460319,11.451384142173618
correction_rate,,,,,
aveg_correction_time,,,,,
basal_severe_low_adjust_num,0.0,3.5,4.0,3.3,4.0
basal_severe_high_not_last_adjust_num,0.0,0.3,0.2,0.2,0.2
basal_severe_high_last_adjust_num,0.0,0.0,0.0,0.0,0.0
basal_mild_low_not_last_adjust_num,0.0,19.6,16.9,17.5,16.4
basal_mild_low_last_adjust_num,0.0,0.0,0.0,0.0,0.0
basal_mild_high_not_last_adjust_num,0.0,16.0,16.2,14.9,16.1
basal_mild_high_last_adjust_num,0.0,0.0,0.0,0.0,0.0
bolus_correction_adjust_num,0.0,0.0,0.0,0.0,0.0
meal_bolus_adjust_num,24.5,24.5,24.5,24.5,24.5
warning_eat_num,3.8,3.2,3.8,3.2,3.6
