,0,1,2,3,4
control_type,no_lstm,lstm_with_monitor,lstm_with_monitor,lstm_with_monitor,lstm_with_monitor
control_parameter,0,20_5,20_0,15_5,15_0
warning_type_2,29.6,60.9,63.7,64.9,65.7
warning_type_3,12.3,20.2,20.5,21.0,21.7
warning_type_4,14.0,55.7,56.2,56.2,55.2
warning_type_5,3.3,8.6,9.0,9.8,11.0
total_warning_num,59.2,145.4,149.4,151.9,153.6
hazard_type_2,8.0,7.3,7.4,9.0,8.4
hazard_type_3,6.3,5.6,5.6,5.9,6.0
hazard_type_4,7.5,6.4,6.5,5.0,5.1
hazard_type_5,3.2,1.3,1.3,1.3,1.3
total_hazard_num,25.0,20.6,20.8,21.2,20.8
hazard_type_4_all_num,9.8,7.5,7.6,6.1,6.4
hazard_type_5_all_num,3.3,1.5,1.5,1.5,1.5
aveg_reaction_time,,,,,
aveg_hazard_time,113.80090396115042,116.08773068326948,115.88075708061001,98.85406974702107,99.48110651650204
correction_rate,,,,,
aveg_correction_time,,,,,
basal_severe_low_adjust_num,0.0,37.5,38.1,36.8,37.7
basal_severe_high_not_last_adjust_num,0.0,11.1,11.7,11.2,11.0
basal_severe_high_last_adjust_num,0.0,0.0,0.0,0.0,0.0
basal_mild_low_not_last_adjust_num,0.0,39.5,39.1,39.0,40.5
basal_mild_low_last_adjust_num,0.0,0.0,0.0,0.0,0.0
basal_mild_high_not_last_adjust_num,0.0,28.8,27.6,28.2,27.7
basal_mild_high_last_adjust_num,0.0,0.0,0.0,0.0,0.0
bolus_correction_adjust_num,0.0,0.0,0.0,0.0,0.0
meal_bolus_adjust_num,26.6,26.6,26.6,26.6,26.6
warning_eat_num,16.0,36.3,36.4,35.7,36.2
